,City,Country,Lat,Lng,Max Temp,Humidity,Cloudiness,Wind Speed,Current Description
0,Barrow,US,71.2906,-156.7887,28.42,86,90,19.57,mist
1,Umluj,SA,25.0213,37.2685,85.05,54,97,4.99,overcast clouds
2,Atuona,PF,-9.8,-139.0333,78.71,78,4,21.16,clear sky
3,Iberia,US,29.9502,-91.7507,76.96,43,1,6.91,clear sky
4,Beringovskiy,RU,63.05,179.3167,6.53,92,97,12.59,overcast clouds
5,Nyrob,RU,60.733,56.7202,37.45,98,100,8.68,overcast clouds
6,Mataura,NZ,-46.1927,168.8643,49.87,57,82,3.98,light rain
7,Ushuaia,AR,-54.8,-68.3,56.86,38,0,0.0,clear sky
8,Avarua,CK,-21.2078,-159.775,75.25,69,90,9.22,light rain
9,Baoning,CN,25.3378,110.026,60.66,100,90,4.47,mist
10,Puerto Ayora,EC,-0.7393,-90.3518,78.76,79,43,8.9,scattered clouds
11,Marystown,CA,47.1666,-55.1483,46.85,100,100,5.01,overcast clouds
12,Lodwar,KE,3.1191,35.5973,88.7,32,80,21.65,broken clouds
13,Glendive,US,47.1053,-104.7125,42.69,48,1,14.97,clear sky
14,Fortuna,US,40.5982,-124.1573,66.92,66,40,7.0,scattered clouds
15,Vila Velha,BR,-20.3297,-40.2925,71.55,94,90,10.36,light rain
16,Kapaa,US,22.0752,-159.319,79.2,78,1,1.01,clear sky
17,Mahébourg,MU,-20.4081,57.7,72.25,83,75,3.44,broken clouds
18,Salalah,OM,17.0151,54.0924,77.09,50,0,3.44,clear sky
19,Qinhuangdao,CN,39.9317,119.5883,43.11,54,1,5.32,clear sky
20,Shuangcheng,CN,45.35,126.2833,33.48,91,79,6.22,broken clouds
21,Wanlaweyn,SO,2.6185,44.8938,78.82,73,2,13.18,clear sky
22,Umba,RU,66.6871,34.3429,34.57,92,100,10.71,overcast clouds
23,Metro,ID,-5.1131,105.3067,76.3,89,100,3.06,overcast clouds
24,Chauk,MM,20.8833,94.8167,76.12,91,67,3.22,broken clouds
25,Bayir,TR,37.2687,28.2167,57.72,96,100,2.51,moderate rain
26,Hermanus,ZA,-34.4187,19.2345,62.91,82,100,10.29,overcast clouds
27,Beloha,MG,-25.1667,45.05,73.33,74,98,4.61,light rain
28,Abu Samrah,SY,35.3029,37.1841,69.22,51,98,15.75,overcast clouds
29,Hithadhoo,MV,-0.6,73.0833,82.31,77,100,18.25,overcast clouds
30,Vaini,TO,-21.2,-175.2,77.16,88,20,8.05,few clouds
31,Lompoc,US,34.6391,-120.4579,71.69,62,1,5.75,clear sky
32,Hobart,AU,-42.8794,147.3294,55.26,64,100,1.99,overcast clouds
33,Langham,CA,52.3668,-106.9679,38.01,43,16,11.65,few clouds
34,Port Alfred,ZA,-33.5906,26.891,67.12,83,100,17.02,overcast clouds
35,Albany,US,42.6001,-73.9662,60.46,80,100,11.03,overcast clouds
36,Nieuw Nickerie,SR,5.95,-56.9833,82.38,72,81,10.31,broken clouds
37,Saskylakh,RU,71.9167,114.0833,8.51,97,99,5.06,overcast clouds
38,Provideniya,RU,64.3833,-173.3,19.51,63,20,8.95,few clouds
39,Yulara,AU,-25.2406,130.9889,64.24,82,90,2.3,overcast clouds
40,Lebu,CL,-37.6167,-73.65,57.99,76,97,8.14,overcast clouds
41,Hilo,US,19.7297,-155.09,81.25,67,1,3.44,clear sky
42,Punta Arenas,CL,-53.15,-70.9167,57.31,41,0,8.05,clear sky
43,Turbat,PK,26.0023,63.044,80.8,16,0,24.52,clear sky
44,Cape Town,ZA,-33.9258,18.4232,64.11,81,20,3.44,few clouds
45,Padang,ID,-0.9492,100.3543,75.81,93,100,3.96,overcast clouds
46,San-Pédro,CI,4.7485,-6.6363,78.46,86,43,8.63,light rain
47,Matara,LK,5.9485,80.5353,77.14,89,89,3.2,overcast clouds
48,Nanortalik,GL,60.1432,-45.2371,33.87,74,71,11.03,broken clouds
49,Rikitea,PF,-23.1203,-134.9692,73.8,87,78,6.4,light rain
50,Gisborne,NZ,-38.6533,178.0042,61.95,54,100,2.57,overcast clouds
51,Bredasdorp,ZA,-34.5322,20.0403,59.29,83,100,7.16,overcast clouds
52,Bluff,NZ,-46.6,168.3333,51.57,69,92,20.92,overcast clouds
53,Lavrentiya,RU,65.5833,-171.0,12.36,81,4,12.1,clear sky
54,Busselton,AU,-33.65,115.3333,54.05,73,94,19.98,overcast clouds
55,Khatanga,RU,71.9667,102.5,5.5,96,100,10.29,light snow
56,Chui,UY,-33.6971,-53.4616,71.49,78,46,9.93,scattered clouds
57,Saint-François,FR,46.4154,3.9054,65.64,59,90,11.5,overcast clouds
58,Ilulissat,GL,69.2167,-51.1,32.02,93,75,17.27,snow
59,Kruisfontein,ZA,-34.0033,24.7314,69.89,86,70,5.68,broken clouds
60,Tasiilaq,GL,65.6145,-37.6368,26.76,61,98,4.72,overcast clouds
61,Gyula,HU,46.65,21.2833,46.62,66,0,4.18,clear sky
62,Dutse,NG,11.7594,9.3392,80.85,16,100,5.03,overcast clouds
63,Cockburn Town,TC,21.4612,-71.1419,82.31,69,39,7.61,scattered clouds
64,Ajdabiya,LY,30.7554,20.2263,69.89,72,33,8.68,scattered clouds
65,Guarapari,BR,-20.6667,-40.4975,71.49,93,100,9.28,moderate rain
66,Ulaangom,MN,49.9811,92.0667,34.52,51,100,3.56,overcast clouds
67,Saint-Marc,HT,19.1082,-72.6938,85.68,57,71,6.15,broken clouds
68,Jamestown,US,42.097,-79.2353,56.52,83,90,15.01,overcast clouds
69,Santa Cruz de la Sierra,BO,-17.8,-63.1667,94.46,55,75,12.66,light rain
70,La Venta del Astillero,MX,20.7167,-103.5333,78.1,39,5,3.33,clear sky
71,Mananjary,MG,-21.2167,48.3333,73.04,92,96,7.83,light rain
72,George Town,MY,5.4112,100.3354,79.9,88,20,3.0,few clouds
73,Begunitsy,RU,59.5855,29.3176,43.38,85,100,8.5,overcast clouds
74,Bengkulu,ID,-3.8004,102.2655,76.53,88,100,4.36,light rain
75,Chara,RU,56.9064,118.2631,21.58,72,100,0.51,overcast clouds
76,Gympie,AU,-26.1898,152.665,66.02,81,93,3.65,overcast clouds
77,Castro,BR,-24.7911,-50.0119,61.12,94,99,6.35,overcast clouds
78,Chapais,CA,49.7834,-74.8492,42.58,97,100,5.3,light rain
79,Dikson,RU,73.5069,80.5464,7.09,93,100,11.56,overcast clouds
80,Upernavik,GL,72.7868,-56.1549,32.74,98,100,23.33,snow
81,Pankovka,RU,58.5,31.1999,44.33,86,39,8.75,scattered clouds
82,Port Elizabeth,ZA,-33.918,25.5701,72.1,88,0,13.8,clear sky
83,Saint-Pierre,RE,-21.3393,55.4781,71.28,75,0,4.61,clear sky
84,Alekseyevka,RU,50.6309,38.6903,42.87,57,0,5.53,clear sky
85,Butaritari,KI,3.0707,172.7902,81.28,77,44,9.78,light rain
86,Mayo,US,38.8876,-76.5119,68.41,61,90,7.0,overcast clouds
87,Bataiporã,BR,-22.2953,-53.2711,76.05,73,78,7.78,broken clouds
88,Orange Cove,US,36.6244,-119.3137,70.63,59,58,4.52,broken clouds
89,Darasun,RU,51.6667,114.0,12.74,63,11,1.86,few clouds
90,Kostanay,KZ,53.1667,63.5833,44.58,86,100,12.8,overcast clouds
91,Harrison,US,30.4091,-89.0436,73.76,60,1,8.05,clear sky
92,Sayyan,YE,15.1718,44.3244,55.98,56,60,10.47,broken clouds
93,Rognan,NO,67.0953,15.3878,47.88,75,100,8.01,light rain
94,Lashio,MM,22.9333,97.75,61.7,99,20,1.03,few clouds
95,Kumul,CN,42.8,93.45,49.57,46,100,3.87,overcast clouds
96,Chokurdakh,RU,70.6333,147.9167,-10.16,100,99,5.75,overcast clouds
97,Fairbanks,US,64.8378,-147.7164,46.36,47,20,14.97,few clouds
98,Souillac,MU,-20.5167,57.5167,72.36,83,75,3.44,broken clouds
99,Yamada,JP,39.4667,141.95,51.73,82,14,4.63,few clouds
100,Aloleng,PH,16.1307,119.7824,77.85,74,17,8.68,few clouds
101,Arraial do Cabo,BR,-22.9661,-42.0278,73.36,94,75,10.36,mist
102,Saint Paul Harbor,US,57.79,-152.4072,44.11,93,90,4.61,light rain
103,Kaifeng,CN,34.7911,114.3483,58.06,73,97,10.4,overcast clouds
104,Biltine,TD,14.5333,20.9167,86.81,17,38,7.2,scattered clouds
105,Esim,GH,4.8699,-2.2405,78.17,88,100,8.63,moderate rain
106,Nerchinskiy Zavod,RU,51.3088,119.61,22.23,53,76,5.59,broken clouds
107,Solnechnyy,RU,50.7214,136.6319,23.99,67,1,1.66,clear sky
108,Ribeira Grande,PT,38.5167,-28.7,68.4,94,75,6.91,broken clouds
109,Mlonggo,ID,-6.5333,110.7,76.51,81,100,3.58,moderate rain
110,Caravelas,BR,-17.7125,-39.2481,77.43,75,90,8.81,overcast clouds
111,Altamont,US,42.2068,-121.7372,55.78,71,75,3.0,broken clouds
112,The Pas,CA,53.8251,-101.2541,35.62,87,90,12.66,overcast clouds
113,Aklavik,CA,68.2191,-135.0107,34.63,93,75,2.3,broken clouds
114,Adrar,MR,20.5022,-10.0711,87.67,13,100,9.98,overcast clouds
115,Hinganghāt,IN,20.5667,78.8333,67.41,56,9,5.41,clear sky
116,La Troncal,EC,-2.4,-79.3333,90.72,62,96,1.1,light rain
117,Shelburne,CA,44.0787,-80.2041,56.12,73,5,16.22,clear sky
118,Odesa,UA,46.4775,30.7326,39.13,100,0,0.0,fog
119,Orlik,RU,52.5178,99.825,25.21,71,65,4.41,broken clouds
120,Olafsvik,IS,64.8945,-23.7142,35.44,70,39,17.2,scattered clouds
121,Kālāvad,IN,22.2167,70.3833,74.88,29,5,5.28,clear sky
122,Harper,LR,4.375,-7.7169,77.83,86,53,9.37,light rain
123,Narón,ES,43.5167,-8.1528,60.67,86,100,14.88,overcast clouds
124,São Filipe,CV,14.8961,-24.4956,79.68,75,99,11.43,overcast clouds
125,Talcahuano,CL,-36.7167,-73.1167,62.28,67,40,11.5,scattered clouds
126,Kenora,CA,49.8167,-94.4337,38.59,75,75,11.5,broken clouds
127,Clyde River,CA,70.4692,-68.5914,21.43,93,75,10.36,light snow
128,Montemor-o-Novo,PT,38.6481,-8.2145,67.41,98,100,11.3,overcast clouds
129,Port Said,EG,31.2565,32.2841,76.98,78,0,5.75,clear sky
130,Codrington,AU,-38.2667,141.9667,43.7,93,9,5.06,clear sky
131,Howard Springs,AU,-12.497,131.047,78.71,86,11,5.79,few clouds
132,Vostok,RU,46.4856,135.8833,26.62,94,16,1.41,few clouds
133,Severnoye,RU,56.3491,78.3619,18.1,94,49,6.51,scattered clouds
134,New Norfolk,AU,-42.7826,147.0587,54.91,59,100,4.0,overcast clouds
135,Longyearbyen,SJ,78.2186,15.6401,30.04,69,40,10.36,scattered clouds
136,Lata,PT,40.1629,-8.3327,67.93,98,100,5.55,light rain
137,Hong Kong,HK,22.2855,114.1577,76.32,82,85,1.01,overcast clouds
138,Ancud,CL,-41.8697,-73.8203,72.93,56,42,8.19,scattered clouds
139,Whyalla,AU,-33.0333,137.5833,49.89,71,97,3.44,overcast clouds
140,Camaquã,BR,-30.8511,-51.8122,76.93,66,19,10.2,few clouds
141,Qaanaaq,GL,77.484,-69.3632,12.2,66,100,8.28,overcast clouds
142,Galesong,ID,-5.3166,119.3661,75.22,82,99,3.58,overcast clouds
143,Palana,RU,59.1167,159.9667,12.78,72,70,20.22,broken clouds
144,Nuuk,GL,64.1835,-51.7216,38.01,87,90,21.85,light rain
145,Faanui,PF,-16.4833,-151.75,78.57,70,99,15.05,overcast clouds
146,Tiksi,RU,71.6872,128.8694,17.87,82,100,16.75,overcast clouds
147,Huejuquilla el Alto,MX,22.6,-103.8667,76.03,31,1,3.74,clear sky
148,Richards Bay,ZA,-28.783,32.0377,65.08,88,0,4.83,clear sky
149,Zaysan,KZ,47.4667,84.8667,39.22,82,100,7.29,overcast clouds
150,Tuktoyaktuk,CA,69.4541,-133.0374,26.6,86,75,12.66,broken clouds
151,Bethel,US,41.3712,-73.414,64.99,71,75,1.01,broken clouds
152,Klaksvík,FO,62.2266,-6.589,40.12,62,100,2.91,overcast clouds
153,Mineiros,BR,-17.5694,-52.5511,69.01,89,90,5.75,overcast clouds
154,Neiafu,TO,-18.65,-173.9833,77.68,78,40,11.5,scattered clouds
155,Khilok,RU,51.3674,110.4676,28.18,71,76,4.32,broken clouds
156,Carnarvon,AU,-24.8667,113.6333,68.07,68,90,18.41,overcast clouds
157,Maragogi,BR,-9.0122,-35.2225,78.89,72,22,7.9,few clouds
158,Mount Gambier,AU,-37.8333,140.7667,44.51,100,10,8.05,clear sky
159,Rocha,UY,-34.4833,-54.3333,71.37,78,100,7.36,overcast clouds
160,Forsytheganj,BY,52.6333,29.7333,41.63,73,0,7.65,clear sky
161,Mt. Pleasant,US,32.7941,-79.8626,73.31,59,1,3.0,clear sky
162,Barysh,RU,53.6553,47.1123,44.42,76,12,11.43,few clouds
163,Yellowknife,CA,62.456,-114.3525,32.41,99,90,1.01,light snow
164,Angoche,MZ,-16.2325,39.9086,77.81,80,0,13.11,clear sky
165,Vao,NC,-22.6667,167.4833,71.2,64,12,9.26,few clouds
166,Yerofey Pavlovich,RU,53.9667,121.9667,24.01,57,100,0.89,overcast clouds
167,Nortelândia,BR,-14.4547,-56.8028,80.47,73,97,5.57,heavy intensity rain
168,Berbera,SO,10.4396,45.0143,83.61,64,31,8.21,scattered clouds
169,Sergeevka,KZ,53.88,67.4158,37.62,86,100,11.65,light rain
170,Kanbe,MM,16.7053,96.0017,80.65,93,86,3.04,overcast clouds
171,Yar-Sale,RU,66.8333,70.8333,2.71,93,77,4.88,broken clouds
172,Srednekolymsk,RU,67.45,153.6833,-6.41,99,99,6.85,overcast clouds
173,Matsubase,JP,32.65,130.6667,64.18,80,70,3.4,broken clouds
174,Socorro,US,31.6546,-106.3033,79.92,20,40,0.0,scattered clouds
175,Mitú,CO,1.1983,-70.1733,78.46,94,100,1.77,overcast clouds
176,Tooele,US,40.5308,-112.2983,67.24,67,40,3.44,scattered clouds
177,San Patricio,US,28.017,-97.5169,88.21,38,0,12.8,clear sky
178,La Santisima Trinidad,BO,-14.8333,-64.9,98.58,41,20,9.22,few clouds
179,Cairns,AU,-16.9167,145.7667,78.75,91,75,6.91,broken clouds
180,Portland,US,45.5234,-122.6762,62.51,41,20,1.99,few clouds
181,Payo,ID,-3.7508,103.6372,73.17,96,100,1.59,overcast clouds
182,Kudahuvadhoo,MV,2.6708,72.8944,82.49,77,35,19.08,scattered clouds
183,Sterling,US,39.0062,-77.4286,67.44,64,75,1.01,broken clouds
184,Saint George,US,37.1041,-113.5841,81.07,32,1,3.0,clear sky
185,Te Anau,NZ,-45.4167,167.7167,47.44,71,65,2.68,broken clouds
186,Half Moon Bay,US,37.4636,-122.4286,67.24,71,90,1.01,overcast clouds
187,Hofn,IS,64.2539,-15.2082,39.49,59,100,20.45,overcast clouds
188,Rawson,AR,-43.3002,-65.1023,51.48,57,100,12.19,overcast clouds
189,Petropavlovka,RU,50.6114,105.3196,31.75,74,100,1.9,overcast clouds
190,Bathsheba,BB,13.2167,-59.5167,84.81,70,40,12.66,scattered clouds
191,Cayenne,GF,4.9333,-52.3333,86.04,76,93,7.0,overcast clouds
192,Dholka,IN,22.7167,72.4667,66.58,32,2,6.58,clear sky
193,Yuxia,CN,34.0615,108.6291,47.01,70,100,2.51,heavy intensity rain
194,Myskhako,RU,44.6714,37.7433,51.58,60,98,4.5,overcast clouds
195,Tiarei,PF,-17.5333,-149.3333,82.42,73,67,14.9,broken clouds
196,Laguna,US,38.421,-121.4238,67.98,65,75,1.01,broken clouds
197,Darnah,LY,32.767,22.6367,67.44,80,100,19.33,overcast clouds
198,Airai,TL,-8.9266,125.4092,60.08,84,76,1.66,broken clouds
199,Yangi Marg`ilon,UZ,40.4272,71.7189,45.82,65,1,9.22,clear sky
200,Ponta do Sol,PT,32.6667,-17.1,75.0,82,59,7.02,broken clouds
201,Kem',RU,64.9555,34.5793,41.13,98,100,6.08,overcast clouds
202,Alekseyevsk,RU,57.8406,108.3492,32.11,92,100,4.0,overcast clouds
203,Kurchum,KZ,48.5722,83.6542,37.96,76,85,17.47,overcast clouds
204,Buta,CD,2.7858,24.73,67.82,99,100,3.78,light rain
205,Oranjemund,NA,-28.55,16.4333,63.19,72,100,8.1,overcast clouds
206,Manokwari,ID,-0.8667,134.0833,78.53,78,100,5.73,overcast clouds
207,Saint-Philippe,RE,-21.3585,55.7679,69.39,85,30,8.99,scattered clouds
208,Samarai,PG,-10.6167,150.6667,82.45,78,100,16.02,overcast clouds
209,Dongying,CN,37.4564,118.4856,52.23,64,47,6.55,light rain
210,Nouadhibou,MR,20.931,-17.0347,73.38,68,2,11.5,clear sky
211,Coquimbo,CL,-29.9533,-71.3436,62.33,72,90,11.5,overcast clouds
212,Antalaha,MG,-14.9003,50.2788,72.39,91,9,3.58,light rain
213,Omsukchan,RU,62.5333,155.8,-14.62,97,100,4.97,overcast clouds
214,Zhigansk,RU,66.7697,123.3711,4.14,94,74,11.63,broken clouds
215,Alamogordo,US,32.8995,-105.9603,77.97,22,1,4.0,clear sky
216,Lukang,TW,24.0567,120.4352,77.43,84,7,8.41,clear sky
217,Vardø,NO,70.3705,31.1107,35.58,87,75,16.11,broken clouds
218,Mehamn,NO,71.0357,27.8492,35.78,86,0,8.05,clear sky
219,Abilene,US,32.4487,-99.7331,75.33,37,1,8.05,clear sky
220,Tutóia,BR,-2.7619,-42.2744,87.78,75,18,11.14,few clouds
221,Suşehri,TR,40.1644,38.0867,51.06,83,55,4.43,broken clouds
222,Diamantino,BR,-14.4086,-56.4461,80.85,70,83,6.53,heavy intensity rain
223,Cabedelo,BR,-6.9811,-34.8339,84.87,71,70,14.88,broken clouds
224,Parabel',RU,58.6978,81.4825,13.6,83,60,10.96,broken clouds
225,Nikolskoye,RU,59.7035,30.7861,47.01,84,100,8.46,overcast clouds
226,Port Macquarie,AU,-31.4333,152.9167,57.88,77,59,4.05,broken clouds
227,Mar del Plata,AR,-38.0023,-57.5575,59.09,88,90,1.99,overcast clouds
228,Cherskiy,RU,68.75,161.3,-1.68,99,100,4.92,overcast clouds
229,Erenhot,CN,43.6475,111.9767,33.42,45,0,5.91,clear sky
230,Alofi,NU,-19.0595,-169.9187,76.89,78,34,9.22,light rain
231,Thompson,CA,55.7435,-97.8558,33.96,75,75,12.66,broken clouds
232,La Unión,PE,-5.4,-80.75,79.66,45,17,16.82,few clouds
233,Severo-Kuril'sk,RU,50.6789,156.125,34.7,62,99,27.74,light rain
234,Wasilla,US,61.5814,-149.4394,46.02,84,75,7.0,light rain
235,Rena,NO,61.1348,11.3641,41.83,99,92,3.56,overcast clouds
236,Port Hardy,CA,50.6996,-127.4199,48.38,57,1,10.36,clear sky
237,Kahului,US,20.8947,-156.47,87.06,62,1,0.0,clear sky
238,Vila Franca do Campo,PT,37.7167,-25.4333,71.2,92,99,10.29,overcast clouds
239,Norman Wells,CA,65.282,-126.8329,19.44,93,75,4.61,broken clouds
240,Belaya Gora,RU,68.5333,146.4167,-9.49,100,71,4.56,broken clouds
241,Contamana,PE,-7.3333,-75.0167,95.88,36,96,6.89,overcast clouds
242,Sinnamary,GF,5.3833,-52.95,80.33,82,58,8.46,broken clouds
243,Ucar,AZ,40.519,47.6542,55.58,78,17,2.57,few clouds
244,Almaznyy,RU,48.0448,40.045,44.74,84,0,7.27,clear sky
245,Tungor,RU,53.3808,142.9564,21.11,81,84,3.67,broken clouds
246,Terrace,CA,54.5163,-128.6035,44.42,60,40,17.27,scattered clouds
247,Bani Walid,LY,31.7566,13.9942,74.1,35,86,6.53,overcast clouds
248,Meïganga,CM,6.5167,14.3,68.41,77,71,2.82,broken clouds
249,Hasaki,JP,35.7333,140.8333,57.6,85,100,8.68,overcast clouds
250,Lodja,CD,-3.4833,23.4333,70.68,94,97,1.81,light rain
251,Batemans Bay,AU,-35.7167,150.1833,54.19,86,50,3.85,scattered clouds
252,Hamilton,US,39.1834,-84.5333,63.57,71,75,3.0,broken clouds
253,Taoudenni,ML,22.6783,-3.9836,85.5,16,0,8.77,clear sky
254,Moranbah,AU,-22.0016,148.0466,72.73,75,96,19.24,overcast clouds
255,Barañáin,ES,42.8057,-1.6773,57.65,94,90,1.14,overcast clouds
256,Mayya,RU,61.7333,130.2811,11.52,95,100,5.86,light snow
257,Lagoa,PT,39.05,-27.9833,69.6,87,100,6.76,overcast clouds
258,Pisco,PE,-13.7,-76.2167,69.85,64,0,20.71,clear sky
259,Torbay,CA,47.6666,-52.7314,46.27,90,75,10.36,broken clouds
260,Thaton,MM,16.9206,97.3714,75.81,90,51,2.57,broken clouds
261,Saldanha,ZA,-33.0117,17.9442,64.45,83,97,6.49,overcast clouds
262,Pemangkat,ID,1.1667,108.9667,78.66,86,100,5.95,overcast clouds
263,Ixtapa,MX,20.7,-105.2,85.23,74,1,5.01,clear sky
264,Krasnosel'kup,RU,65.7,82.4667,6.55,95,100,12.19,overcast clouds
265,Cabo San Lucas,MX,22.8909,-109.9124,88.61,65,20,8.05,few clouds
266,Inzhavino,RU,52.3185,42.4937,43.09,72,6,6.91,clear sky
267,Naranjito,EC,-2.2167,-79.4833,91.42,46,99,3.09,light rain
268,Formosa,AR,-26.1775,-58.1781,91.38,43,20,8.05,few clouds
269,Bambous Virieux,MU,-20.3428,57.7575,72.21,83,75,3.44,broken clouds
270,Flin Flon,CA,54.7682,-101.865,33.64,86,90,10.36,light snow
271,Mudon,MM,16.2578,97.7164,76.08,88,100,3.83,overcast clouds
272,Vetluga,RU,57.8557,45.781,40.73,89,63,7.45,broken clouds
273,Durango,MX,24.8333,-104.8333,72.52,30,8,6.31,clear sky
274,Asău,RO,46.4333,26.4,45.52,92,0,1.39,clear sky
275,Pedernales,DO,18.0384,-71.744,83.39,68,22,5.61,few clouds
276,Sechura,PE,-5.5569,-80.8222,74.19,59,30,15.46,scattered clouds
277,Atasū,KZ,48.6814,71.6433,39.58,81,100,10.0,overcast clouds
278,Batagay-Alyta,RU,67.8006,130.4114,-4.34,91,99,1.97,overcast clouds
279,Sinarades,GR,39.5647,19.8458,53.24,82,0,2.3,clear sky
280,Yinchuan,CN,38.4681,106.2731,43.99,41,11,6.44,few clouds
281,Kiruna,SE,67.8557,20.2251,27.52,100,90,2.3,fog
282,Krylovskaya,RU,46.3194,39.9711,50.18,81,0,12.17,clear sky
283,Bilma,NE,18.6853,12.9164,82.87,20,1,10.13,clear sky
284,Paita,PE,-5.0892,-81.1144,75.76,69,50,14.34,scattered clouds
285,Ayaviri,PE,-14.8864,-70.5889,60.55,39,82,6.49,light rain
286,Pochutla,MX,15.7432,-96.4661,81.82,62,80,5.82,broken clouds
287,Tautira,PF,-17.7333,-149.15,82.42,75,79,13.96,broken clouds
288,Broome,US,42.2506,-75.833,56.55,81,90,1.01,overcast clouds
289,Piet Retief,ZA,-27.0071,30.8132,55.56,79,0,2.71,clear sky
290,Huarmey,PE,-10.0681,-78.1522,69.33,72,19,11.81,few clouds
291,Mingoyo,TZ,-10.1,39.6333,75.81,87,17,5.19,few clouds
292,Pevek,RU,69.7008,170.3133,-0.72,97,100,3.98,overcast clouds
293,Libreville,GA,0.3925,9.4537,78.82,89,40,9.22,thunderstorm
294,Makakilo City,US,21.3469,-158.0858,79.68,66,1,3.44,clear sky
295,Gorontalo,ID,0.5412,123.0595,74.39,93,99,2.57,overcast clouds
296,Talnakh,RU,69.4865,88.3972,-8.63,98,88,5.77,overcast clouds
297,Farah,AF,32.5,62.5,54.61,37,0,5.23,clear sky
298,Malibu,US,34.005,-118.8101,70.5,88,58,5.79,broken clouds
299,Ejura,GH,7.3856,-1.3562,79.75,66,100,2.57,overcast clouds
300,Rock Sound,BS,24.9,-76.2,79.66,60,29,8.14,scattered clouds
301,Laas,IT,46.6166,10.7002,50.74,98,100,3.98,overcast clouds
302,Vestmannaeyjar,IS,63.4427,-20.2734,37.81,69,31,26.37,scattered clouds
303,Oktyabr'skoye,RU,43.0645,44.7417,37.54,100,90,2.24,mist
304,Narsaq,GL,60.9167,-46.05,26.82,69,96,6.96,overcast clouds
305,Puerto Nariño,CO,-3.7703,-70.3831,91.35,75,96,2.42,overcast clouds
306,Fort Frances,CA,48.5999,-93.4003,40.15,74,75,4.0,broken clouds
307,Shenzhen,CN,22.5455,114.0683,76.21,93,26,4.36,light rain
308,Dublin,US,37.7021,-121.9358,66.99,63,1,1.01,clear sky
309,Mattru,SL,7.6244,-11.8332,74.37,97,79,1.7,heavy intensity rain
310,Montepuez,MZ,-13.1256,38.9997,73.51,76,5,9.19,clear sky
311,La Ronge,CA,55.1001,-105.2842,34.02,64,75,10.36,broken clouds
312,Gemena,CD,3.25,19.7667,68.5,98,100,1.99,light rain
313,Cidreira,BR,-30.1811,-50.2056,69.89,83,6,22.64,clear sky
314,Willowmore,ZA,-33.2926,23.4895,75.06,26,92,6.91,overcast clouds
315,Ząbkowice Śląskie,PL,50.5897,16.8124,54.14,65,100,4.76,overcast clouds
316,Turukhansk,RU,65.8167,87.9833,7.74,97,99,2.84,overcast clouds
317,Kamaishi,JP,39.2667,141.8833,53.58,80,23,5.19,few clouds
318,Eureka,US,40.8021,-124.1637,68.2,68,52,8.01,light rain
319,Bucerías,MX,20.75,-105.3333,85.98,74,0,6.29,clear sky
320,Līsakovsk,KZ,52.5369,62.4936,42.98,85,100,15.01,overcast clouds
321,Esperance,AU,-33.8667,121.9,64.24,52,100,17.94,overcast clouds
322,Marigot,MF,18.0667,-63.0833,87.58,63,40,9.22,scattered clouds
323,Mount Isa,AU,-20.7333,139.5,74.97,25,75,0.0,broken clouds
324,Perth,AU,-31.9333,115.8333,61.09,82,40,5.75,scattered clouds
325,Hambantota,LK,6.1241,81.1185,78.37,87,56,3.44,broken clouds
326,Ampanihy,MG,-24.7,44.75,72.79,73,100,2.42,overcast clouds
327,Camacha,PT,33.0833,-16.3333,71.53,88,75,9.22,broken clouds
328,Gijón,ES,43.5357,-5.6615,60.8,91,100,1.01,overcast clouds
329,Ranong,TH,9.9658,98.6348,77.05,89,100,4.41,overcast clouds
330,Praia,CV,14.9215,-23.5087,77.54,83,90,11.5,overcast clouds
331,Sitka,US,57.0531,-135.33,44.49,70,75,6.91,broken clouds
332,Baykit,RU,61.67,96.37,17.98,98,100,2.28,overcast clouds
333,Kaitangata,NZ,-46.2817,169.8464,49.24,61,92,7.49,overcast clouds
334,Iwanai,JP,42.9744,140.5089,45.1,90,12,1.21,few clouds
335,Buala,SB,-8.145,159.5921,80.69,79,100,3.89,light rain
336,Leshukonskoye,RU,64.8989,45.7622,31.68,88,100,6.53,overcast clouds
337,Sisimiut,GL,66.9395,-53.6735,35.29,90,85,24.74,light rain
338,Yerbogachën,RU,61.2767,108.0108,19.92,76,100,5.99,overcast clouds
339,Katsuura,JP,35.1333,140.3,60.91,90,86,9.37,overcast clouds
340,Staryy Nadym,RU,65.6118,72.6842,2.75,88,7,8.32,clear sky
341,Guerrero Negro,MX,27.9769,-114.0611,72.82,56,100,10.36,overcast clouds
342,Ruska Poliana,UA,49.417,31.9201,44.76,63,0,6.8,clear sky
343,Jurm,AF,36.8648,70.8342,41.31,85,96,2.93,overcast clouds
344,Uniontown,US,39.9001,-79.7164,58.71,47,78,1.99,broken clouds
345,Takoradze,GH,4.8845,-1.7554,78.71,88,100,10.87,light rain
346,Simao,CN,22.7886,100.9748,58.86,98,21,1.54,few clouds
347,Itarema,BR,-2.9248,-39.9167,82.11,72,44,14.65,scattered clouds
348,Varadero,CU,23.1536,-81.2514,83.16,65,46,8.95,scattered clouds
349,Chernyshevskiy,RU,63.0128,112.4714,13.23,87,100,7.9,overcast clouds
350,Östersund,SE,63.1792,14.6357,41.45,93,100,11.5,overcast clouds
351,Morehead,US,37.2711,-87.1764,65.3,61,75,1.99,broken clouds
352,Najrān,SA,17.4924,44.1277,70.45,47,99,3.47,overcast clouds
353,Pangody,RU,65.85,74.4859,1.4,99,79,8.79,broken clouds
354,Carutapera,BR,-1.195,-46.02,80.85,84,58,6.46,broken clouds
355,Antofagasta,CL,-23.65,-70.4,72.21,60,0,7.87,clear sky
356,Westerkappeln,DE,52.3167,7.8833,62.89,83,100,23.22,overcast clouds
357,La Orilla,MX,17.9833,-102.2333,84.04,68,100,7.4,overcast clouds
358,Progreso,MX,21.2833,-89.6667,85.1,53,4,9.82,clear sky
359,Altus,US,34.6381,-99.334,67.51,46,1,1.99,clear sky
360,Karasjok,NO,69.4719,25.5112,24.91,100,100,3.44,overcast clouds
361,Bandarbeyla,SO,9.4942,50.8122,79.05,79,26,13.27,scattered clouds
362,Lakota,CI,5.8528,-5.6883,72.99,98,97,3.38,light rain
363,Chengde,CN,40.9725,117.9361,40.03,72,7,0.67,clear sky
364,Qaqortoq,GL,60.7167,-46.0333,27.1,71,99,6.22,overcast clouds
365,Mauá,BR,-23.6678,-46.4614,68.11,81,100,3.94,overcast clouds
366,Evensk,RU,61.95,159.2333,-1.17,78,49,11.12,scattered clouds
367,Verkhnyaya Khava,RU,51.8404,39.9413,35.67,71,1,7.11,clear sky
368,Auki,SB,-8.7676,160.7034,78.15,86,68,3.91,broken clouds
369,Natitingou,BJ,10.3042,1.3796,78.71,33,97,3.91,overcast clouds
370,Anjozorobe,MG,-18.4,47.8667,66.52,93,43,3.96,scattered clouds
371,Sfântu Gheorghe,RO,45.8667,25.7833,40.26,87,0,4.18,clear sky
372,Rio Grande,BR,-32.035,-52.0986,82.51,79,0,17.02,clear sky
373,Mundo Nuevo (Ojo de Agua),MX,18.7,-95.5,79.43,67,28,7.45,scattered clouds
374,Carahue,CL,-38.7,-73.1667,77.2,44,100,8.72,overcast clouds
375,Honiara,SB,-9.4333,159.95,79.93,82,36,3.15,scattered clouds
376,Ibanda,TZ,-2.7974,32.4746,71.04,76,87,3.18,overcast clouds
377,Pascagoula,US,30.3658,-88.5561,73.72,54,1,5.75,clear sky
378,Tura,IN,25.5198,90.2201,61.05,70,0,3.13,clear sky
379,Ust-Tsilma,RU,65.441,52.1498,13.21,98,86,4.21,overcast clouds
380,Korla,CN,41.7597,86.1469,47.98,37,14,3.36,few clouds
381,Husavik,IS,66.0449,-17.3389,33.71,99,100,22.86,light snow
382,Valparaíso,CL,-33.0393,-71.6273,59.47,79,90,9.22,overcast clouds
383,Dongsheng,CN,39.8161,109.9776,33.49,49,0,4.59,clear sky
384,Pecos,US,31.4229,-103.4932,76.05,23,1,13.8,clear sky
385,San Cristobal,VE,7.7669,-72.225,77.18,85,62,2.53,broken clouds
386,Port Lincoln,AU,-34.7333,135.8667,58.21,77,0,10.11,clear sky
387,Candolim,IN,15.5181,73.7626,81.57,76,58,5.46,light rain
388,Forbes,AU,-33.3833,148.0167,56.91,54,100,3.44,overcast clouds
389,Peniche,PT,39.3558,-9.3811,71.08,95,96,15.19,overcast clouds
390,Sittwe,MM,20.15,92.9,77.7,81,48,4.59,scattered clouds
391,Luwuk,ID,-0.9516,122.7875,76.91,85,74,1.81,broken clouds
392,Deputatsky,RU,69.3,139.9,-10.25,84,100,2.37,overcast clouds
393,Rio Rancho,US,35.2334,-106.6645,70.75,26,1,5.01,clear sky
394,Fukuechō,JP,32.6881,128.8419,68.2,57,55,13.13,broken clouds
395,Karak,JO,31.1667,35.75,65.12,53,82,14.52,broken clouds
396,Loei,TH,17.4167,101.5,63.82,99,96,3.15,overcast clouds
397,Aginskoye,RU,51.1,114.53,26.17,66,21,2.64,few clouds
398,Zastron,ZA,-30.3023,27.084,62.38,31,66,1.52,broken clouds
399,Labuan,MY,5.2767,115.2417,77.36,94,20,0.0,few clouds
400,Mezen',RU,65.8522,44.24,28.99,92,94,5.99,overcast clouds
401,Aquiraz,BR,-3.9014,-38.3911,84.29,75,48,11.27,scattered clouds
402,Colares,PT,38.7992,-9.4469,70.79,89,75,5.99,broken clouds
403,Havre-St-Pierre,CA,50.2334,-63.5986,48.79,87,90,12.66,overcast clouds
404,Ziro,IN,27.6333,93.8333,44.2,89,25,2.8,scattered clouds
405,Angoulême,FR,45.65,0.15,57.04,92,0,4.61,clear sky
406,Eyl,SO,7.9803,49.8164,78.94,78,18,14.56,few clouds
407,Suntar,RU,62.1444,117.6319,17.22,81,99,5.95,overcast clouds
408,Russell,US,32.3502,-85.1999,67.15,54,20,5.75,few clouds
409,Alugan,PH,12.2188,125.4808,79.7,82,88,12.08,overcast clouds
410,Tomatlán,MX,19.9333,-105.25,87.66,57,9,7.56,clear sky
411,Dehlorān,IR,32.6941,47.2679,81.28,27,50,4.9,scattered clouds
412,Sanremo,IT,43.8182,7.7612,62.31,70,85,10.0,overcast clouds
413,Juan de Ayolas,PY,-27.4,-56.9,89.67,40,1,6.64,clear sky
414,General Pico,AR,-35.6566,-63.7568,51.58,95,100,12.15,light rain
415,Calvià,ES,39.5657,2.5062,72.07,79,49,18.28,scattered clouds
416,Liverpool,GB,53.4106,-2.9779,49.68,86,40,7.0,drizzle
417,Sibolga,ID,1.7427,98.7792,76.15,90,100,2.28,moderate rain
418,Meulaboh,ID,4.1363,96.1285,75.54,89,100,4.43,moderate rain
419,Talavera de la Reina,ES,39.9635,-4.8308,67.6,89,97,20.94,overcast clouds
420,East London,ZA,-33.0153,27.9116,66.42,82,83,12.39,broken clouds
421,Syamzha,RU,60.0158,41.0614,39.49,96,100,5.1,overcast clouds
422,Moa,CU,20.6569,-74.9403,80.94,81,47,3.56,scattered clouds
423,Naze,JP,28.3667,129.4833,69.08,81,100,14.27,overcast clouds
424,San Ramon,US,37.7799,-121.978,66.56,66,1,1.01,clear sky
425,Lengshuitan,CN,26.4111,111.5956,59.38,96,100,4.05,light rain
426,Ostrovnoy,RU,68.0531,39.5131,31.42,91,96,4.54,overcast clouds
427,Port Keats,AU,-14.25,129.55,77.36,76,54,5.66,broken clouds
428,Mergen,CN,49.1833,125.2167,28.65,40,60,4.76,broken clouds
429,Coyhaique,CL,-45.5752,-72.0662,69.75,24,0,12.66,clear sky
430,Seoul,KR,37.5683,126.9778,53.04,93,20,1.14,fog
431,Muzhi,RU,65.3667,64.6667,2.23,92,95,0.81,overcast clouds
432,Quatre Cocos,MU,-20.2078,57.7625,72.09,77,2,8.08,clear sky
433,Ola,RU,59.5833,151.2833,10.54,56,2,11.1,clear sky
434,Manthani,IN,18.65,79.6667,68.38,62,30,4.81,scattered clouds
435,Beckley,US,37.7782,-81.1882,51.71,92,90,1.99,overcast clouds
436,Shelton,US,41.3165,-73.0932,66.85,71,40,3.0,scattered clouds
437,Kavieng,PG,-2.5744,150.7967,82.33,78,91,15.17,light rain
438,Stornoway,GB,58.2093,-6.3865,51.93,87,75,27.63,moderate rain
439,Sabalgarh,IN,26.25,77.4,68.2,46,1,3.42,clear sky
440,Zapolyarnyy,RU,69.4154,30.8136,25.88,94,26,7.45,scattered clouds
441,Susurluk,TR,39.9136,28.1578,59.85,81,100,1.21,overcast clouds
442,Daru,PG,-9.0763,143.2092,79.72,88,100,13.69,overcast clouds
443,Safford,US,32.834,-109.7076,79.93,22,1,6.91,clear sky
444,Kiryat Gat,IL,31.61,34.7642,83.08,34,24,14.94,few clouds
445,Inuvik,CA,68.3499,-133.7218,34.66,64,75,9.22,broken clouds
446,Mazatlán,MX,23.2167,-106.4167,87.76,75,20,4.0,few clouds
447,Sesimbra,PT,38.4445,-9.1015,70.75,97,97,14.41,overcast clouds
448,Aykhal,RU,66.0,111.5,6.98,94,100,19.42,overcast clouds
449,Maham,IN,28.9833,76.3,69.53,39,0,7.29,clear sky
450,Ramon,PH,16.7842,121.535,72.64,83,75,1.03,broken clouds
451,Hays,US,30.0502,-98.0336,83.39,46,0,5.99,clear sky
452,Iranshahr,IR,27.2025,60.6848,79.14,19,0,6.91,clear sky
453,Gazli,UZ,40.1333,63.45,49.42,42,0,9.62,clear sky
454,Camargo,MX,27.6667,-105.1667,80.76,18,7,3.44,clear sky
455,Iqaluit,CA,63.7506,-68.5145,37.13,69,90,5.01,overcast clouds
456,Istria,RO,44.5667,28.7167,52.38,77,90,4.21,overcast clouds
457,Kloulklubed,PW,7.0419,134.2556,77.5,72,99,5.66,overcast clouds
458,Baruun-Urt,MN,46.6806,113.2792,24.22,28,10,7.99,clear sky
459,Suifenhe,CN,44.4,131.1667,32.99,71,98,2.51,overcast clouds
460,Cadereyta,MX,25.5833,-99.9833,90.59,40,0,9.82,clear sky
461,Mastic Beach,US,40.7668,-72.8521,65.98,76,1,10.36,clear sky
462,Makkah al Mukarramah,SA,21.4267,39.8261,81.19,59,0,1.23,clear sky
463,Saint-Joseph,RE,-21.3667,55.6167,68.38,84,15,9.22,few clouds
464,Clemson,US,34.6834,-82.8374,72.21,54,1,6.91,clear sky
465,Constantine,DZ,36.365,6.6147,67.41,63,75,4.61,broken clouds
466,Tilichiki,RU,60.4667,166.1,-7.33,97,78,11.32,broken clouds
467,Mossamedes,AO,-15.1961,12.1522,67.32,69,74,11.1,broken clouds
468,Nacogdoches,US,31.6002,-94.6335,80.78,24,1,4.61,clear sky
469,Kampong Thom,KH,12.7111,104.8887,74.91,95,99,4.63,overcast clouds
470,Geraldton,AU,-28.7667,114.6,63.12,77,75,5.75,broken clouds
471,Youkounkoun,GN,12.5333,-13.1333,82.22,54,9,0.87,clear sky
472,Saint-Avold,FR,49.1027,6.7006,62.35,94,100,16.91,overcast clouds
473,Gornji Milanovac,RS,44.0333,20.45,49.19,88,0,3.51,clear sky
474,Ponta Delgada,PT,37.7333,-25.6667,71.51,83,20,8.05,few clouds
475,Devonport,AU,-41.1667,146.35,54.0,74,61,9.08,broken clouds
476,Makīnsk,KZ,52.6292,70.4169,28.83,91,100,7.9,overcast clouds
477,Port Hedland,AU,-20.3167,118.5667,71.65,83,40,0.0,scattered clouds
478,Neryungri,RU,56.6709,124.6491,18.1,87,100,2.57,overcast clouds
479,Razdolinsk,RU,58.4211,94.6658,28.38,97,100,3.96,snow
480,Toora-Khem,RU,52.4675,96.11,29.53,79,100,3.94,overcast clouds
481,Tual,ID,-5.6667,132.75,83.84,73,100,11.81,heavy intensity rain
482,Kosonsoy,UZ,41.2561,71.5508,41.56,57,7,6.15,clear sky
483,Arrondissement de Dieppe,FR,49.75,1.1667,49.32,87,0,15.01,clear sky
484,Chālūs,IR,36.655,51.4204,60.26,88,75,2.3,broken clouds
485,Okhotsk,RU,59.3833,143.3,8.69,72,0,15.01,clear sky
486,Plettenberg Bay,ZA,-34.0527,23.3716,65.19,78,91,5.53,overcast clouds
487,Puerto Escondido,MX,15.85,-97.0667,83.95,72,51,5.46,broken clouds
488,Medvedka,RU,61.1629,46.387,40.68,92,100,5.28,light rain
489,Port Blair,IN,11.6667,92.75,80.28,81,100,0.4,overcast clouds
490,‘Āhuimanu,US,21.4447,-157.8378,80.85,67,75,5.75,broken clouds
491,Poum,NC,-20.2333,164.0167,74.91,68,5,15.77,clear sky
492,Isangel,VU,-19.55,169.2667,76.82,78,14,7.78,few clouds
493,Bonthe,SL,7.5264,-12.505,76.82,90,46,6.42,moderate rain
494,Rafai,CF,4.95,23.9167,72.93,83,61,1.52,broken clouds
495,Gdov,RU,58.7406,27.8122,46.54,82,100,12.3,overcast clouds
496,Ojuelos de Jalisco,MX,21.8667,-101.5833,71.82,27,39,2.75,scattered clouds
497,Necochea,AR,-38.5473,-58.7368,54.03,75,100,11.9,overcast clouds
498,Corpus Christi,US,27.8006,-97.3964,88.36,57,20,5.01,few clouds
499,Gambo,CF,4.6482,22.2633,71.1,92,94,1.07,overcast clouds
500,Karīmnagar,IN,18.4333,79.15,69.55,63,95,4.34,overcast clouds
501,Luoyang,CN,34.6836,112.4536,54.9,70,99,7.25,overcast clouds
502,Hervey Bay,AU,-25.2986,152.8535,65.03,66,23,17.78,few clouds
503,Nuevo Progreso,MX,23.1667,-97.95,87.6,50,86,5.01,overcast clouds
504,Concarneau,FR,47.875,-3.9225,52.59,76,90,19.55,overcast clouds
505,Fort Nelson,CA,58.8053,-122.7002,26.19,59,40,4.61,scattered clouds
506,Puerto El Triunfo,SV,13.2833,-88.55,92.26,69,38,8.3,scattered clouds
507,Upata,VE,8.0086,-62.3989,79.02,79,100,2.17,overcast clouds
508,Kajaani,FI,64.2273,27.7285,42.85,93,90,5.75,overcast clouds
509,Nome,US,64.5011,-165.4064,17.67,73,1,0.0,clear sky
510,Berlevåg,NO,70.8578,29.0864,33.75,86,75,12.66,broken clouds
511,Puerto del Rosario,ES,28.5004,-13.8627,71.35,83,20,10.36,few clouds
512,Leningradskiy,RU,69.3833,178.4167,0.45,91,100,10.89,overcast clouds
513,Tynda,RU,55.1667,124.7167,21.67,63,100,1.99,overcast clouds
514,Erzurum Province,TR,40.0,41.5,46.08,92,100,3.78,overcast clouds
515,Great Yarmouth,GB,52.6083,1.7305,52.05,74,0,26.11,clear sky
516,Ha Giang,VN,22.8333,104.9833,69.78,100,100,1.25,overcast clouds
517,Labytnangi,RU,66.6572,66.4183,0.64,86,12,5.59,few clouds
518,Tarauacá,BR,-8.1614,-70.7656,87.31,56,100,2.66,light rain
519,Svrljig,RS,43.4133,22.1211,47.82,86,0,4.9,clear sky
520,Las Vegas,US,36.175,-115.1372,81.54,24,1,11.5,clear sky
521,Ryōtsu-minato,JP,38.0833,138.4333,58.69,79,42,6.76,scattered clouds
522,São Gabriel da Cachoeira,BR,-0.1303,-67.0892,91.2,55,20,1.14,few clouds
523,Saint-Augustin,CA,51.226,-58.6502,46.33,67,94,4.61,overcast clouds
524,Flinders,AU,-34.5833,150.8552,53.38,84,86,1.01,overcast clouds
525,Chaihe,CN,44.7667,129.7,32.58,65,96,4.7,overcast clouds
526,Linjiang,CN,41.8069,126.9078,40.41,98,100,2.28,light rain
527,Pasni,PK,25.2631,63.471,83.01,34,0,18.19,clear sky
528,Jalu,LY,29.0331,21.5482,68.74,65,27,8.79,scattered clouds
529,Baharly,TM,38.4362,57.4316,56.52,47,100,9.19,overcast clouds
530,Turmalina,BR,-17.2856,-42.73,79.61,54,98,4.23,overcast clouds
531,Gewanē,ET,10.1664,40.6453,76.21,64,40,3.76,moderate rain
532,Casper,US,42.8666,-106.3131,31.71,89,90,8.99,overcast clouds
533,Chambas,CU,22.1928,-78.9136,83.82,61,100,7.29,overcast clouds
534,Pangai,TO,-19.8,-174.35,78.91,69,20,12.66,few clouds
535,Westport,US,41.1415,-73.3579,65.98,68,40,3.0,scattered clouds
536,Road Town,VG,18.4167,-64.6167,86.04,66,40,6.91,scattered clouds
537,Madona,LV,56.8533,26.217,44.56,87,47,6.44,scattered clouds
538,San Quintín,MX,30.4833,-115.95,67.69,65,1,11.48,clear sky
539,Gorin,RU,51.1983,136.6669,22.32,67,0,1.01,clear sky
540,Motygino,RU,58.1831,94.7592,31.05,98,100,5.5,light snow
541,Undory,RU,54.6085,48.3928,42.04,70,24,12.93,few clouds
542,São João da Barra,BR,-21.6403,-41.0511,75.29,89,100,12.73,overcast clouds
543,Birao,CF,10.2849,22.7882,80.53,35,84,4.61,broken clouds
544,Haines Junction,CA,60.7522,-137.5108,40.95,42,100,5.75,overcast clouds
545,Faya,SA,18.3851,42.4509,63.12,50,5,7.43,clear sky
546,Katobu,ID,-4.9408,122.5276,75.58,92,91,2.75,overcast clouds
547,Ternate,ID,0.8,127.4,80.37,80,100,3.8,overcast clouds
548,Severo-Yeniseyskiy,RU,60.3725,93.0408,18.43,95,100,2.42,light snow
549,Rodrigues Alves,BR,-7.738,-72.6509,75.4,54,70,3.56,heavy intensity rain
550,Tumbagaan,PH,5.3656,120.3139,80.35,79,81,2.57,broken clouds
551,Huilong,CN,31.8111,121.655,63.03,67,94,2.39,overcast clouds
552,Neufchâteau,FR,48.35,5.7,63.14,94,99,17.22,overcast clouds
553,San Andrés,CO,12.5847,-81.7006,87.82,70,75,11.5,broken clouds
554,Pandan,PH,14.0453,124.1694,80.19,75,89,12.12,overcast clouds
555,Derzhavīnsk,KZ,51.1,66.3167,44.87,75,100,15.3,overcast clouds
556,Bloomfield,US,40.8068,-74.1854,65.89,67,40,3.0,scattered clouds
557,Labuhan,ID,-6.8844,112.2051,80.35,78,100,1.52,overcast clouds
558,Johannesburg,ZA,-26.2023,28.0436,65.28,63,0,0.0,clear sky
559,West Plains,US,36.7281,-91.8524,66.52,58,1,4.0,clear sky
560,Fareydūnshahr,IR,32.941,50.121,47.1,48,10,1.61,clear sky
561,Pangnirtung,CA,66.1451,-65.7125,30.2,93,90,0.0,light snow
562,San Lorenzo,PY,-25.3333,-57.5333,86.94,51,40,4.61,scattered clouds
563,Lafiagi,NG,8.8667,5.4167,78.84,59,68,3.98,broken clouds
564,Kirkwall,GB,58.9848,-2.9587,48.54,92,75,23.02,moderate rain
565,Ossora,RU,59.2353,163.0719,7.75,78,100,11.59,overcast clouds
566,Balakovo,RU,52.0278,47.8007,45.14,79,7,6.73,clear sky
567,Warrnambool,AU,-38.3833,142.4833,46.06,90,8,5.82,clear sky
568,Ginir,ET,7.1333,40.7,59.74,62,64,5.1,broken clouds
569,Bhag,PK,29.0415,67.8239,77.94,15,0,5.44,clear sky
570,El Fuerte,MX,26.4189,-108.6194,89.64,38,55,5.12,broken clouds
571,Rodionovo-Nesvetayskaya,RU,47.6103,39.7121,46.92,78,0,10.6,clear sky
572,Baleno,PH,12.4739,123.4982,79.29,81,15,9.04,few clouds
573,Hohhot,CN,40.8106,111.6522,28.69,69,0,2.24,clear sky
574,Ligayan,PH,4.6533,119.4706,82.36,78,100,8.88,overcast clouds
575,"Burgdorf, Hanover",DE,52.4463,10.0064,63.34,79,100,8.01,overcast clouds
576,Tuatapere,NZ,-46.1333,167.6833,50.59,64,66,6.22,broken clouds
577,Meghri,AM,38.9029,46.2446,56.46,80,88,3.44,overcast clouds
578,Saint-Michel-des-Saints,CA,46.6834,-73.9159,45.93,98,100,5.17,light rain
579,Guadix,ES,37.2993,-3.1392,65.88,75,77,10.33,broken clouds
580,Cascais,PT,38.6979,-9.4215,70.95,88,75,5.99,broken clouds
581,Lüshunkou,CN,38.8,121.2667,43.02,62,2,20.22,clear sky
582,Lukh,RU,57.0124,42.2584,39.97,88,11,8.84,few clouds
583,Kumluca,TR,36.3703,30.2869,65.88,73,100,7.63,overcast clouds
584,Lázaro Cárdenas,MX,17.9583,-102.2,84.18,68,100,7.18,overcast clouds
585,La Constancia,MX,24.2231,-107.1869,91.22,57,0,7.76,clear sky
586,Sulangan,PH,11.1373,123.7228,82.11,76,28,15.52,scattered clouds
587,Vrangel',RU,42.7297,133.0839,48.65,84,100,11.32,overcast clouds
588,Burgeo,CA,47.6167,-57.6152,48.96,90,100,18.16,overcast clouds
589,Grand Gaube,MU,-20.0064,57.6608,72.37,79,16,5.01,few clouds
590,Yumen,CN,40.2833,97.2,40.55,32,6,10.54,clear sky
591,Rio Branco,BR,-9.9747,-67.81,93.81,52,20,4.61,few clouds
592,Bon Air,US,37.5249,-77.5578,70.61,61,83,1.99,broken clouds
593,Chala,TZ,-7.5833,31.2667,63.81,73,100,1.74,overcast clouds
594,Verāval,IN,20.9,70.3667,77.23,50,24,4.34,few clouds
595,Balaka,MW,-14.9793,34.9558,82.87,36,32,1.07,scattered clouds
596,Chaumont,FR,48.1167,5.1333,61.84,94,99,15.37,moderate rain
597,Yenagoa,NG,4.9247,6.2642,76.03,92,14,4.94,few clouds
598,Batagay,RU,67.6333,134.6333,-1.35,87,100,6.38,overcast clouds
599,Kulhudhuffushi,MV,6.6221,73.07,81.03,76,100,9.01,overcast clouds
600,Constitución,CL,-35.3333,-72.4167,59.31,75,100,5.86,overcast clouds
601,Touros,BR,-5.1989,-35.4608,85.1,73,74,15.28,broken clouds
602,Thinadhoo,MV,0.5333,72.9333,82.56,77,99,19.01,overcast clouds
603,Inhambane,MZ,-23.865,35.3833,71.04,78,42,3.91,scattered clouds
604,Muros,ES,42.7762,-9.0603,58.08,92,100,12.39,overcast clouds
605,Iskateley,RU,67.6803,53.1512,9.09,88,5,8.7,clear sky
606,Bahía Solano,CO,6.2262,-77.4044,78.62,86,65,6.69,light rain
607,Ardmore,US,34.1743,-97.1436,74.64,44,1,4.0,clear sky
608,Den Helder,NL,52.9599,4.7593,55.98,89,75,15.99,broken clouds
609,Turaif,SA,31.6725,38.6637,70.05,49,75,23.02,broken clouds
610,Henties Bay,NA,-22.116,14.2845,60.85,88,0,8.23,clear sky
611,Gurupá,BR,-1.405,-51.64,85.26,63,96,4.21,overcast clouds
612,Arkhipo-Osipovka,RU,44.37,38.52,56.37,58,64,6.44,broken clouds
613,Hīt,IQ,33.6416,42.8251,77.52,28,100,11.23,overcast clouds
614,Eskil,TR,38.4017,33.4131,56.66,56,99,13.24,overcast clouds
615,Port-Gentil,GA,-0.7193,8.7815,76.96,88,75,10.36,light rain
616,Franklin,US,39.9667,-83.0166,60.82,70,75,5.01,broken clouds
617,Praia da Vitória,PT,38.7333,-27.0667,70.05,88,20,3.53,few clouds
618,The Valley,AI,18.217,-63.0578,87.66,65,20,12.66,few clouds
619,Pemba,MZ,-12.974,40.5178,77.7,88,40,14.97,scattered clouds
620,Coihueco,CL,-36.6167,-71.8333,74.14,53,0,4.61,clear sky
621,Storozhevaya,RU,43.8789,41.4514,46.58,72,54,5.77,broken clouds
622,Porto Belo,BR,-27.1578,-48.5531,71.58,90,100,9.44,overcast clouds
623,Kitimat,CA,54.0524,-128.6534,44.91,65,7,5.26,clear sky
624,Leopold,AU,-38.1833,144.4667,49.64,91,5,2.04,clear sky
625,Shache,CN,38.4167,77.2406,46.96,30,35,3.71,scattered clouds
626,Sabaudia,IT,41.3003,13.0282,65.89,87,100,14.5,light rain
627,Lima,PE,-12.0432,-77.0282,66.38,51,75,1.99,broken clouds
628,Jinchang,CN,38.4953,102.1739,40.51,44,100,1.54,overcast clouds
629,Borogontsy,RU,62.6683,131.1683,9.7,94,100,8.9,light snow
630,Great Falls,US,47.5002,-111.3008,35.92,57,1,1.01,clear sky
631,Ramos Arizpe,MX,25.55,-100.9667,83.12,18,0,9.57,clear sky
632,Morondava,MG,-20.2833,44.2833,74.12,79,20,5.53,few clouds
633,Rome,US,43.2128,-75.4557,55.44,94,90,12.66,mist
634,Pavino,RU,59.1139,46.1414,43.38,86,100,6.26,overcast clouds
635,Shingū,JP,33.7333,135.9833,59.16,84,70,5.46,broken clouds
636,Romitan,UZ,39.9343,64.3814,44.55,61,0,6.91,clear sky
637,Dotnuva,LT,55.35,23.9,48.88,76,25,7.87,scattered clouds
638,Kiama,AU,-34.6833,150.8667,53.58,88,67,6.62,broken clouds
639,Kalmunai,LK,7.4167,81.8167,78.58,87,59,6.98,broken clouds
640,Bulgan,MN,48.8125,103.5347,31.62,54,100,2.44,overcast clouds
641,Beirut,LB,33.8889,35.4944,76.86,44,20,3.44,few clouds
642,Sumbe,AO,-11.2061,13.8437,74.71,83,27,9.15,light rain
643,Ilo,PE,-17.6394,-71.3375,66.06,74,89,6.51,overcast clouds
644,Alyangula,AU,-13.8483,136.4192,76.87,100,51,0.0,broken clouds
645,Fuxin,CN,42.0156,121.6589,34.02,30,0,4.99,clear sky
646,Kismayo,SO,-0.3582,42.5454,78.57,85,15,13.44,few clouds
647,Haveli Lakha,PK,30.4502,73.6989,69.33,28,0,7.7,clear sky
648,Egvekinot,RU,66.3167,-179.1667,-1.68,86,98,9.98,overcast clouds
649,San Miguel de Tucumán,AR,-26.8241,-65.2226,80.6,61,75,5.75,broken clouds
650,Dingcheng,CN,32.1272,115.0394,60.06,62,100,6.6,light rain
651,Los Llanos de Aridane,ES,28.6585,-17.9182,67.75,85,40,11.5,scattered clouds
652,Rexburg,US,43.826,-111.7897,58.26,47,1,10.36,clear sky
653,Kodinsk,RU,58.6881,99.1844,29.08,95,100,4.97,light snow
654,La Macarena,CO,2.1837,-73.7849,80.49,86,97,2.44,heavy intensity rain
655,Bohmte,DE,52.3667,8.3167,62.89,76,100,23.42,moderate rain
656,Catuday,PH,16.2923,119.8062,77.45,75,32,10.22,scattered clouds
657,Feijó,BR,-8.1642,-70.3536,90.64,48,100,3.53,light rain
658,Örnsköldsvik,SE,63.2909,18.7153,43.75,100,90,5.75,mist
659,Binka,IN,21.0333,83.8,71.13,73,8,2.93,clear sky
660,Omboué,GA,-1.5746,9.2618,76.24,91,100,7.56,overcast clouds
661,Aljezur,PT,37.3191,-8.8033,68.05,95,100,10.09,overcast clouds
662,Along,IN,28.1667,94.7667,57.67,92,27,1.48,scattered clouds
663,Acajutla,SV,13.5928,-89.8275,91.74,60,90,9.26,overcast clouds
664,Baghmara,IN,23.795,86.2085,68.11,63,8,2.86,clear sky
665,Vilyuysk,RU,63.7553,121.6247,10.35,95,15,6.26,few clouds
666,Igarka,RU,67.4667,86.5833,-3.46,100,100,4.09,overcast clouds
667,Marsaxlokk,MT,35.8419,14.5431,67.08,100,20,8.05,light rain
668,Avanigadda,IN,16.0215,80.9181,75.72,91,100,3.85,overcast clouds
669,Keminmaa,FI,65.8596,24.8228,40.77,100,90,8.05,overcast clouds
670,Akureyri,IS,65.6835,-18.0878,33.73,93,90,20.71,light snow
671,Dauphin,CA,51.1494,-100.0502,37.54,56,90,16.11,overcast clouds
672,Todos Santos,MX,23.45,-110.2167,88.11,75,1,9.82,clear sky
673,Wau,SS,7.7029,27.9953,76.8,74,15,1.03,few clouds
674,Mitsamiouli,KM,-11.3847,43.2844,78.82,80,8,11.43,clear sky
675,Wahiawā,US,21.5028,-158.0236,77.86,69,1,3.44,clear sky
676,Agios Vasileios,GR,37.8,22.8,60.3,75,5,3.36,clear sky
677,Jinji,CN,23.2281,110.8261,66.0,96,100,2.82,overcast clouds
678,North Bend,US,43.4065,-124.2243,61.25,94,90,8.05,overcast clouds
679,Bud,US,39.447,-86.1758,63.7,62,0,14.23,clear sky
680,Itaueira,BR,-7.6033,-43.0256,95.68,23,79,4.5,broken clouds
681,Kununurra,AU,-15.7667,128.7333,76.98,88,6,5.75,clear sky
682,Buin,CL,-33.7333,-70.75,79.12,31,100,9.17,overcast clouds
683,Sheridan,US,44.8333,-106.9173,36.01,60,90,3.0,light rain
684,Broken Hill,AU,-31.95,141.4333,62.31,25,100,4.61,overcast clouds
685,Le Port,RE,-20.9373,55.2919,69.8,79,2,1.99,clear sky
686,Kanniyākumāri,IN,8.0833,77.5667,79.03,82,100,4.56,heavy intensity rain
687,Fālākāta,IN,26.5208,89.2055,66.58,80,6,4.25,clear sky
688,Tlapehuala,MX,18.2167,-100.5167,85.37,64,97,1.28,overcast clouds
689,Kollam,IN,8.8833,76.6,76.87,86,100,2.64,overcast clouds
690,Karasburg,NA,-28.0167,18.75,62.49,55,7,19.19,clear sky
691,Araripe,BR,-7.2125,-40.0461,82.85,40,100,4.32,overcast clouds
692,Abong Mbang,CM,3.9833,13.1833,68.99,92,75,2.24,light rain
693,Alamosa,US,37.4695,-105.87,49.98,32,1,5.75,clear sky
694,Tomohon,ID,1.3346,124.8392,65.34,85,100,1.97,overcast clouds
695,Puerto Ayacucho,VE,5.6639,-67.6236,83.21,74,72,4.05,broken clouds
696,Gemeente Wageningen,NL,51.9667,5.6667,55.17,90,75,6.91,broken clouds
697,Goderich,CA,43.7501,-81.7165,53.91,76,4,11.5,clear sky
698,Saurimo,AO,-9.6608,20.3916,64.71,85,95,1.92,overcast clouds
699,Ishigaki,JP,24.3448,124.1572,76.82,66,42,16.53,scattered clouds
700,Novo Selo,MK,41.4139,22.8811,49.53,80,0,1.7,clear sky
701,Belmonte,BR,-15.8631,-38.8828,82.4,74,47,8.52,scattered clouds
702,Khovd,MN,48.0056,91.6419,37.04,46,100,13.47,overcast clouds
703,Gwanda,ZW,-20.9333,29.0,73.47,52,0,10.13,clear sky
704,Abu Dhabi,AE,24.4667,54.3667,84.31,70,0,4.61,clear sky
705,Abhā,SA,18.2164,42.5053,62.85,42,0,9.22,clear sky
706,Roebourne,AU,-20.7833,117.1333,71.46,66,0,6.22,clear sky
707,Teya,RU,60.3778,92.6267,21.85,95,100,2.3,light snow
708,Zhangye,CN,38.9342,100.4517,43.11,37,100,5.32,overcast clouds
709,Santa Cruz de Tenerife,ES,28.4682,-16.2546,75.69,68,0,1.99,clear sky
710,Spasskoye,RU,44.6108,132.7969,34.84,83,79,5.32,broken clouds
711,Sur,OM,22.5667,59.5289,82.31,56,0,10.02,clear sky
712,Liku,ID,-0.7275,119.8922,75.94,85,98,2.35,overcast clouds
713,Anadyr,RU,64.75,177.4833,-5.01,76,20,8.01,light snow
714,Jizan,SA,17.3333,42.6667,88.74,62,5,2.46,clear sky
715,Januária,BR,-15.4833,-44.3667,83.55,47,99,2.44,overcast clouds
716,Isla Vista,US,34.4133,-119.861,75.34,73,90,5.75,haze
717,University Place,US,47.2356,-122.5504,60.21,57,1,6.91,clear sky
718,Ocós,GT,14.5094,-92.1933,88.3,69,22,6.42,few clouds
